"","wyniki","terminarz","kraj","liga","liga_nr","select"
"1","https://www.flashscore.pl/pilka-nozna/swiat/mistrzostwa-swiata/wyniki","https://www.flashscore.pl/pilka-nozna/swiat/mistrzostwa-swiata/mecze","EU","mistrzostwa-swiata","1",1
"2","https://www.flashscore.pl/pilka-nozna/europa/euro/wyniki","https://www.flashscore.pl/pilka-nozna/europa/euro/mecze","EU","euro","1",1
"3","https://www.flashscore.pl/pilka-nozna/swiat/mecze-towarzyskie/wyniki","https://www.flashscore.pl/pilka-nozna/swiat/mecze-towarzyskie/mecze","EU","mecze-towarzyskie","1",1
"4","https://www.flashscore.pl/pilka-nozna/swiat/miedzyklubowe-towarzyskie/wyniki","https://www.flashscore.pl/pilka-nozna/swiat/miedzyklubowe-towarzyskie/mecze","EU","miedzyklubowe-towarzyskie","1",1
"5","https://www.flashscore.pl/pilka-nozna/europa/liga-narodow-uefa/wyniki","https://www.flashscore.pl/pilka-nozna/europa/liga-narodow-uefa/mecze","EU","liga-narodow-uefa","1",0
"6","https://www.flashscore.pl/pilka-nozna/afryka/puchar-narodow-afryki/wyniki","https://www.flashscore.pl/pilka-nozna/afryka/puchar-narodow-afryki/mecze","EU","puchar-narodow-afryki","1",1
"7","https://www.flashscore.pl/pilka-nozna/europa/liga-europejska/wyniki","https://www.flashscore.pl/pilka-nozna/europa/liga-europejska/mecze","EU","liga-europejska","1",0
"8","https://www.flashscore.pl/pilka-nozna/europa/liga-mistrzow/wyniki","https://www.flashscore.pl/pilka-nozna/europa/liga-mistrzow/mecze","EU","liga-mistrzow","1",0
"9","https://www.flashscore.pl/pilka-nozna/europa/liga-konferencji-europy/wyniki","https://www.flashscore.pl/pilka-nozna/europa/liga-konferencji-europy/mecze","EU","liga-konferencji-europy","1",0
"10","https://www.flashscore.pl/pilka-nozna/afryka/caf-puchar-konfederacji/wyniki","https://www.flashscore.pl/pilka-nozna/afryka/caf-puchar-konfederacji/mecze","EU","caf-puchar-konfederacji","1",1
"11","https://www.flashscore.pl/pilka-nozna/afryka/caf-liga-mistrzow/wyniki","https://www.flashscore.pl/pilka-nozna/afryka/caf-liga-mistrzow/mecze","EU","caf-liga-mistrzow","1",1
"12","https://www.flashscore.pl/pilka-nozna/azja/puchar-panstw-zatokowych/wyniki","https://www.flashscore.pl/pilka-nozna/azja/puchar-panstw-zatokowych/mecze","EU","puchar-panstw-zatokowych","1",1
"13","https://www.flashscore.pl/pilka-nozna/algieria/dywizja-1/wyniki","https://www.flashscore.pl/pilka-nozna/algieria/dywizja-1/mecze","algieria","dywizja-1","1",1
"14","https://www.flashscore.pl/pilka-nozna/algieria/ligue-2/wyniki","https://www.flashscore.pl/pilka-nozna/algieria/ligue-2/mecze","algieria","ligue-2","2",1
"15","https://www.flashscore.pl/pilka-nozna/algieria/u21-league/wyniki","https://www.flashscore.pl/pilka-nozna/algieria/u21-league/mecze","algieria","u21-league","3",1
"16","https://www.flashscore.pl/pilka-nozna/albania/super-liga/wyniki","https://www.flashscore.pl/pilka-nozna/albania/super-liga/mecze/","albania","super-liga","1",1
"17","https://www.flashscore.pl/pilka-nozna/anglia/premier-league/wyniki","https://www.flashscore.pl/pilka-nozna/anglia/premier-league/mecze","anglia","premier-league","1",0
"18","https://www.flashscore.pl/pilka-nozna/anglia/championship/wyniki","https://www.flashscore.pl/pilka-nozna/anglia/championship/mecze","anglia","championship","2",1
"19","https://www.flashscore.pl/pilka-nozna/anglia/league-one/wyniki","https://www.flashscore.pl/pilka-nozna/anglia/league-one/mecze","anglia","league-one","3",1
"20","https://www.flashscore.pl/pilka-nozna/anglia/league-two/wyniki","https://www.flashscore.pl/pilka-nozna/anglia/league-two/mecze","anglia","league-two","3",1
"21","https://www.flashscore.pl/pilka-nozna/anglia/national-league/wyniki","https://www.flashscore.pl/pilka-nozna/anglia/national-league/mecze","anglia","national-league","4",1
"22","https://www.flashscore.pl/pilka-nozna/anglia/national-league-polnoc/wyniki","https://www.flashscore.pl/pilka-nozna/anglia/national-league-polnoc/mecze","anglia","national-league-polnoc","4",1
"23","https://www.flashscore.pl/pilka-nozna/anglia/national-league-poludnie/wyniki","https://www.flashscore.pl/pilka-nozna/anglia/national-league-poludnie/mecze","anglia","national-league-poludnie","4",1
"24","https://www.flashscore.pl/pilka-nozna/anglia/efl-cup/wyniki","https://www.flashscore.pl/pilka-nozna/anglia/efl-cup/mecze","anglia","puchar","p",1
"25","https://www.flashscore.pl/pilka-nozna/anglia/professional-development-league/wyniki","https://www.flashscore.pl/pilka-nozna/anglia/professional-development-league/mecze","anglia","professional-development-league","1",1
"26","https://www.flashscore.pl/pilka-nozna/anglia/premier-league-cup/wyniki","https://www.flashscore.pl/pilka-nozna/anglia/premier-league-cup/mecze","anglia","premier-league-cup","1",1
"27","https://www.flashscore.pl/pilka-nozna/angola/girabola-league/wyniki","https://www.flashscore.pl/pilka-nozna/angola/girabola-league/mecze","angola","girabola-league","1",1
"28","https://www.flashscore.pl/pilka-nozna/arabia-saudyjska/pierwsza-liga/wyniki","https://www.flashscore.pl/pilka-nozna/arabia-saudyjska/pierwsza-liga/mecze","arabia saudyjska","pierwsza-liga","1",1
"29","https://www.flashscore.pl/pilka-nozna/arabia-saudyjska/division-1/wyniki","https://www.flashscore.pl/pilka-nozna/arabia-saudyjska/division-1/mecze","arabia saudyjska","division-1","2",1
"30","https://www.flashscore.pl/pilka-nozna/argentyna/superliga/wyniki","https://www.flashscore.pl/pilka-nozna/argentyna/superliga/mecze","argentyna","superliga","1",1
"31","https://www.flashscore.pl/pilka-nozna/argentyna/primera-nacional/wyniki","https://www.flashscore.pl/pilka-nozna/argentyna/primera-nacional/mecze","argentyna","primera-nacional","2",1
"32","https://www.flashscore.pl/pilka-nozna/argentyna/primera-b-metropolitana/wyniki","https://www.flashscore.pl/pilka-nozna/argentyna/primera-b-metropolitana/mecze","argentyna","primera-b-metropolitana","3",1
"33","https://www.flashscore.pl/pilka-nozna/argentyna/primera-c-metropolitana/wyniki","https://www.flashscore.pl/pilka-nozna/argentyna/primera-c-metropolitana/mecze","argentyna","primera-c-metropolitana","4",1
"34","https://www.flashscore.pl/pilka-nozna/argentyna/primera-d-metropolitana/wyniki","https://www.flashscore.pl/pilka-nozna/argentyna/primera-d-metropolitana/mecze","argentyna","primera-d-metropolitana","5",1
"35","https://www.flashscore.pl/pilka-nozna/argentyna/copa-argentina/wyniki","https://www.flashscore.pl/pilka-nozna/argentyna/copa-argentina/mecze","argentyna","puchar","p",1
"36","https://www.flashscore.pl/pilka-nozna/armenia/pierwsza-liga/wyniki","https://www.flashscore.pl/pilka-nozna/armenia/pierwsza-liga/mecze","armenia","pierwsza-liga","1",1
"37","https://www.flashscore.pl/pilka-nozna/armenia/puchar/wyniki","https://www.flashscore.pl/pilka-nozna/armenia/puchar/mecze","armenia","puchar","p",1
"38","https://www.flashscore.pl/pilka-nozna/australia/a-league/wyniki","https://www.flashscore.pl/pilka-nozna/australia/a-league/mecze","australia","a-league","1",1
"39","https://www.flashscore.pl/pilka-nozna/australia/npl-nsw/wyniki","https://www.flashscore.pl/pilka-nozna/australia/npl-nsw/mecze","australia","npl-nsw","2",1
"40","https://www.flashscore.pl/pilka-nozna/australia/npl-victoria/wyniki","https://www.flashscore.pl/pilka-nozna/australia/npl-victoria/mecze","australia","npl-victoria","2",1
"41","https://www.flashscore.pl/pilka-nozna/australia/npl-western-australia/wyniki","https://www.flashscore.pl/pilka-nozna/australia/npl-western-australia/mecze","australia","npl-western-australia","2",1
"42","https://www.flashscore.pl/pilka-nozna/australia/npl-south-australian/wyniki","https://www.flashscore.pl/pilka-nozna/australia/npl-south-australian/mecze","australia","npl-south-australian","2",1
"43","https://www.flashscore.pl/pilka-nozna/australia/npl-queensland/wyniki","https://www.flashscore.pl/pilka-nozna/australia/npl-queensland/mecze","australia","npl-queensland","2",1
"44","https://www.flashscore.pl/pilka-nozna/australia/ffa-cup/wyniki","https://www.flashscore.pl/pilka-nozna/australia/ffa-cup/mecze","australia","puchar","p",0
"45","https://www.flashscore.pl/pilka-nozna/austria/tipico-bundesliga/wyniki","https://www.flashscore.pl/pilka-nozna/austria/tipico-bundesliga/mecze","austria","tipico-bundesliga","1",1
"46","https://www.flashscore.pl/pilka-nozna/austria/2-liga/wyniki","https://www.flashscore.pl/pilka-nozna/austria/2-liga/mecze","austria","2-liga","2",1
"47","https://www.flashscore.pl/pilka-nozna/austria/liga-regionalna-wschod/wyniki","https://www.flashscore.pl/pilka-nozna/austria/liga-regionalna-wschod/mecze","austria","liga-regionalna-wschod","3",0
"48","https://www.flashscore.pl/pilka-nozna/austria/liga-regionalna-central/wyniki","https://www.flashscore.pl/pilka-nozna/austria/liga-regionalna-central/mecze","austria","liga-regionalna-central","3",0
"49","https://www.flashscore.pl/pilka-nozna/austria/ofb-cup/wyniki","https://www.flashscore.pl/pilka-nozna/austria/ofb-cup/mecze","austria","puchar","p",0
"50","https://www.flashscore.pl/pilka-nozna/azerbejdzan/premier-liga/wyniki","https://www.flashscore.pl/pilka-nozna/azerbejdzan/premier-liga/mecze","azerbejdzan","premier-liga","1",1
"51","https://www.flashscore.pl/pilka-nozna/azerbejdzan/puchar-azerbejdzanu/wyniki","https://www.flashscore.pl/pilka-nozna/azerbejdzan/puchar-azerbejdzanu/mecze","azerbejdzan","puchar","p",1
"52","https://www.flashscore.pl/pilka-nozna/bahrajn/premier-liga/wyniki","https://www.flashscore.pl/pilka-nozna/bahrajn/premier-liga/mecze","bahrajn","premier-liga","1",1
"53","https://www.flashscore.pl/pilka-nozna/belgia/jupiler-league/wyniki","https://www.flashscore.pl/pilka-nozna/belgia/jupiler-league/mecze","belgia","jupiler-league","1",0
"54","https://www.flashscore.pl/pilka-nozna/belgia/proximus-league/wyniki","https://www.flashscore.pl/pilka-nozna/belgia/proximus-league/mecze","belgia","proximus-league","2",0
"55","https://www.flashscore.pl/pilka-nozna/belgia/pro-league-u21/wyniki","https://www.flashscore.pl/pilka-nozna/belgia/pro-league-u21/mecze","belgia","pro-league-u21","3",1
"56","https://www.flashscore.pl/pilka-nozna/belgia/puchar/wyniki","https://www.flashscore.pl/pilka-nozna/belgia/puchar/mecze","belgia","puchar","p",1
"57","https://www.flashscore.pl/pilka-nozna/bialorus/wyszejszaja-liha/wyniki","https://www.flashscore.pl/pilka-nozna/bialorus/wyszejszaja-liha/mecze","bialorus","wyszejszaja-liha","1",1
"58","https://www.flashscore.pl/pilka-nozna/bialorus/pershaya-liga/wyniki","https://www.flashscore.pl/pilka-nozna/bialorus/pershaya-liga/mecze","bialorus","pershaya-liga","2",1
"59","https://www.flashscore.pl/pilka-nozna/bialorus/puchar/wyniki","https://www.flashscore.pl/pilka-nozna/bialorus/puchar/mecze","bialorus","puchar","p",1
"60","https://www.flashscore.pl/pilka-nozna/boliwia/division-profesional/wyniki","https://www.flashscore.pl/pilka-nozna/boliwia/division-profesional/mecze","boliwia","division-profesional","1",1
"61","https://www.flashscore.pl/pilka-nozna/boliwia/nacional-b/wyniki","https://www.flashscore.pl/pilka-nozna/boliwia/nacional-b/mecze","boliwia","nacional-b","2",1
"62","https://www.flashscore.pl/pilka-nozna/bosnia-i-hercegowina/pierwsza-liga/wyniki","https://www.flashscore.pl/pilka-nozna/bosnia-i-hercegowina/pierwsza-liga/mecze","bosnia i hercegowina","pierwsza-liga","1",1
"63","https://www.flashscore.pl/pilka-nozna/bosnia-i-hercegowina/fbih/wyniki","https://www.flashscore.pl/pilka-nozna/bosnia-i-hercegowina/fbih/mecze","bosnia i hercegowina","fbih","2",1
"64","https://www.flashscore.pl/pilka-nozna/bosnia-i-hercegowina/puchar/wyniki","https://www.flashscore.pl/pilka-nozna/bosnia-i-hercegowina/puchar/mecze","bosnia i hercegowina","puchar","p",1
"65","https://www.flashscore.pl/pilka-nozna/brazylia/serie-a/wyniki","https://www.flashscore.pl/pilka-nozna/brazylia/serie-a/mecze","brazylia","serie-a","1",1
"66","https://www.flashscore.pl/pilka-nozna/brazylia/serie-b/wyniki","https://www.flashscore.pl/pilka-nozna/brazylia/serie-b/mecze","brazylia","serie-b","2",1
"67","https://www.flashscore.pl/pilka-nozna/brazylia/serie-c/wyniki","https://www.flashscore.pl/pilka-nozna/brazylia/serie-c/mecze","brazylia","serie-c","3",1
"68","https://www.flashscore.pl/pilka-nozna/brazylia/copa-do-brasil/wyniki","https://www.flashscore.pl/pilka-nozna/brazylia/copa-do-brasil/mecze","brazylia","puchar","p",1
"69","https://www.flashscore.pl/pilka-nozna/brazylia/copa-sao-paulo-de-juniores/wyniki","https://www.flashscore.pl/pilka-nozna/brazylia/copa-sao-paulo-de-juniores/mecze","brazylia","copa-sao-paulo-de-juniores","p",0
"70","https://www.flashscore.pl/pilka-nozna/brazylia/brasileiro-u20/wyniki","https://www.flashscore.pl/pilka-nozna/brazylia/brasileiro-u20/mecze","brazylia","brasileiro-u20","4",1
"71","https://www.flashscore.pl/pilka-nozna/bulgaria/parva-liga/wyniki","https://www.flashscore.pl/pilka-nozna/bulgaria/parva-liga/mecze","bulgaria","parva-liga","1",0
"72","https://www.flashscore.pl/pilka-nozna/bulgaria/vtora-liga/wyniki","https://www.flashscore.pl/pilka-nozna/bulgaria/vtora-liga/mecze","bulgaria","vtora-liga","2",0
"73","https://www.flashscore.pl/pilka-nozna/bulgaria/puchar/wyniki","https://www.flashscore.pl/pilka-nozna/bulgaria/puchar/mecze","bulgaria","puchar","p",1
"74","https://www.flashscore.pl/pilka-nozna/burundi/primus-league/wyniki","https://www.flashscore.pl/pilka-nozna/burundi/primus-league/mecze","burundi","primus-league","1",1
"75","https://www.flashscore.pl/pilka-nozna/chile/primera-division/wyniki","https://www.flashscore.pl/pilka-nozna/chile/primera-division/mecze","chile","primera-division","1",1
"76","https://www.flashscore.pl/pilka-nozna/chile/primera-b/wyniki","https://www.flashscore.pl/pilka-nozna/chile/primera-b/mecze","chile","primera-b","2",1
"77","https://www.flashscore.pl/pilka-nozna/chiny/super-liga/wyniki","https://www.flashscore.pl/pilka-nozna/chiny/super-liga/mecze","chiny","super-liga","1",1
"78","https://www.flashscore.pl/pilka-nozna/chiny/liga-jia/wyniki","https://www.flashscore.pl/pilka-nozna/chiny/liga-jia/mecze","chiny","liga-jia","2",1
"79","https://www.flashscore.pl/pilka-nozna/chiny/liga-yi/wyniki","https://www.flashscore.pl/pilka-nozna/chiny/liga-yi/mecze","chiny","liga-yi","3",1
"80","https://www.flashscore.pl/pilka-nozna/chiny/fa-cup/wyniki","https://www.flashscore.pl/pilka-nozna/chiny/fa-cup/mecze","chiny","puchar","p",1
"81","https://www.flashscore.pl/pilka-nozna/rumunia/liga-1/wyniki","https://www.flashscore.pl/pilka-nozna/rumunia/liga-1/mecze","rumunia","liga-1","1",1
"82","https://www.flashscore.pl/pilka-nozna/rumunia/liga-2/wyniki","https://www.flashscore.pl/pilka-nozna/rumunia/liga-2/mecze","rumunia","liga-2","2",1
"83","https://www.flashscore.pl/pilka-nozna/rumunia/puchar/wyniki","https://www.flashscore.pl/pilka-nozna/rumunia/puchar/mecze","rumunia","puchar","p",1
"84","https://www.flashscore.pl/pilka-nozna/chorwacja/1-hnl/wyniki","https://www.flashscore.pl/pilka-nozna/chorwacja/1-hnl/mecze","chorwacja","1-hnl","1",0
"85","https://www.flashscore.pl/pilka-nozna/chorwacja/2-hnl/wyniki","https://www.flashscore.pl/pilka-nozna/chorwacja/2-hnl/mecze","chorwacja","2-hnl","2",1
"86","https://www.flashscore.pl/pilka-nozna/chorwacja/puchar/wyniki","https://www.flashscore.pl/pilka-nozna/chorwacja/puchar/mecze","chorwacja","puchar","p",1
"87","https://www.flashscore.pl/pilka-nozna/cypr/pierwsza-dywizja/wyniki","https://www.flashscore.pl/pilka-nozna/cypr/pierwsza-dywizja/mecze","cypr","pierwsza-dywizja","1",1
"88","https://www.flashscore.pl/pilka-nozna/cypr/division-2/wyniki","https://www.flashscore.pl/pilka-nozna/cypr/division-2/mecze","cypr","division-2","2",1
"89","https://www.flashscore.pl/pilka-nozna/cypr/puchar/wyniki","https://www.flashscore.pl/pilka-nozna/cypr/puchar/mecze","cypr","puchar","p",1
"90","https://www.flashscore.pl/pilka-nozna/czarnogora/pierwsza-czarnogorska-liga/wyniki","https://www.flashscore.pl/pilka-nozna/czarnogora/pierwsza-czarnogorska-liga/mecze","czarnogora","pierwsza-czarnogorska-liga","1",1
"91","https://www.flashscore.pl/pilka-nozna/czarnogora/druga-liga/wyniki","https://www.flashscore.pl/pilka-nozna/czarnogora/druga-liga/mecze","czarnogora","druga-liga","2",1
"92","https://www.flashscore.pl/pilka-nozna/czarnogora/puchar/wyniki","https://www.flashscore.pl/pilka-nozna/czarnogora/puchar/mecze","czarnogora","puchar","p",1
"93","https://www.flashscore.pl/pilka-nozna/czechy/1-liga/wyniki","https://www.flashscore.pl/pilka-nozna/czechy/1-liga/mecze","czechy","1-liga","1",0
"94","https://www.flashscore.pl/pilka-nozna/czechy/dywizja-2/wyniki","https://www.flashscore.pl/pilka-nozna/czechy/dywizja-2/mecze","czechy","dywizja-2","2",1
"95","https://www.flashscore.pl/pilka-nozna/czechy/cfl-group-a/wyniki","https://www.flashscore.pl/pilka-nozna/czechy/cfl-group-a/mecze","czechy","cfl-group-a","3",1
"96","https://www.flashscore.pl/pilka-nozna/czechy/cfl-group-b/wyniki","https://www.flashscore.pl/pilka-nozna/czechy/cfl-group-b/mecze","czechy","cfl-group-b","3",1
"97","https://www.flashscore.pl/pilka-nozna/czechy/msfl/wyniki","https://www.flashscore.pl/pilka-nozna/czechy/msfl/mecze","czechy","msfl","4",1
"98","https://www.flashscore.pl/pilka-nozna/czechy/liga-u19/wyniki","https://www.flashscore.pl/pilka-nozna/czechy/liga-u19/mecze","czechy","liga-u19","5",1
"99","https://www.flashscore.pl/pilka-nozna/czechy/mol-cup/wyniki","https://www.flashscore.pl/pilka-nozna/czechy/mol-cup/mecze","czechy","puchar","p",1
"100","https://www.flashscore.pl/pilka-nozna/dania/superliga/wyniki","https://www.flashscore.pl/pilka-nozna/dania/superliga/mecze","dania","superliga","1",0
"101","https://www.flashscore.pl/pilka-nozna/dania/1st-division/wyniki","https://www.flashscore.pl/pilka-nozna/dania/1st-division/mecze","dania","1st-division","2",0
"102","https://www.flashscore.pl/pilka-nozna/dania/puchar/wyniki","https://www.flashscore.pl/pilka-nozna/dania/puchar/mecze","dania","puchar","p",1
"103","https://www.flashscore.pl/pilka-nozna/dominikana/ldf/wyniki","https://www.flashscore.pl/pilka-nozna/dominikana/ldf/mecze","dominikana","ldf","1",1
"104","https://www.flashscore.pl/pilka-nozna/egipt/pierwsza-liga/wyniki","https://www.flashscore.pl/pilka-nozna/egipt/pierwsza-liga/mecze","egipt","pierwsza-liga","1",1
"105","https://www.flashscore.pl/pilka-nozna/egipt/egypt-cup/wyniki","https://www.flashscore.pl/pilka-nozna/egipt/egypt-cup/mecze","egipt","puchar","p",1
"106","https://www.flashscore.pl/pilka-nozna/ekwador/liga-pro/wyniki","https://www.flashscore.pl/pilka-nozna/ekwador/liga-pro/mecze","ekwador","liga-pro","1",1
"107","https://www.flashscore.pl/pilka-nozna/estonia/meistriliiga/wyniki","https://www.flashscore.pl/pilka-nozna/estonia/meistriliiga/mecze","estonia","meistriliiga","1",1
"108","https://www.flashscore.pl/pilka-nozna/estonia/esiliiga/wyniki","https://www.flashscore.pl/pilka-nozna/estonia/esiliiga/mecze","estonia","esiliiga","2",1
"109","https://www.flashscore.pl/pilka-nozna/estonia/puchar/wyniki","https://www.flashscore.pl/pilka-nozna/estonia/puchar/mecze","estonia","puchar","p",1
"110","https://www.flashscore.pl/pilka-nozna/filipiny/pfl/wyniki","https://www.flashscore.pl/pilka-nozna/filipiny/pfl/mecze","filipiny","pfl","1",1
"111","https://www.flashscore.pl/pilka-nozna/finlandia/veikkausliiga/wyniki","https://www.flashscore.pl/pilka-nozna/finlandia/veikkausliiga/mecze","finlandia","veikkausliiga","1",1
"112","https://www.flashscore.pl/pilka-nozna/finlandia/ykkonen/wyniki","https://www.flashscore.pl/pilka-nozna/finlandia/ykkonen/mecze","finlandia","ykkonen","2",1
"113","https://www.flashscore.pl/pilka-nozna/finlandia/kakkonen-grupa-a/wyniki","https://www.flashscore.pl/pilka-nozna/finlandia/kakkonen-grupa-a/mecze","finlandia","kakkonen-grupa-a","3",1
"114","https://www.flashscore.pl/pilka-nozna/finlandia/kakkonen-grupa-b/wyniki","https://www.flashscore.pl/pilka-nozna/finlandia/kakkonen-grupa-b/mecze","finlandia","kakkonen-grupa-b","3",1
"115","https://www.flashscore.pl/pilka-nozna/finlandia/kakkonen-grupa-c/wyniki","https://www.flashscore.pl/pilka-nozna/finlandia/kakkonen-grupa-c/mecze","finlandia","kakkonen-grupa-c","3",1
"116","https://www.flashscore.pl/pilka-nozna/finlandia/suomen-cup/wyniki","https://www.flashscore.pl/pilka-nozna/finlandia/suomen-cup/mecze","finlandia","puchar","p",1
"117","https://www.flashscore.pl/pilka-nozna/francja/ligue-1/wyniki","https://www.flashscore.pl/pilka-nozna/francja/ligue-1/mecze","francja","ligue-1","1",0
"118","https://www.flashscore.pl/pilka-nozna/francja/ligue-2/wyniki","https://www.flashscore.pl/pilka-nozna/francja/ligue-2/mecze","francja","ligue-2","2",0
"119","https://www.flashscore.pl/pilka-nozna/francja/national/wyniki","https://www.flashscore.pl/pilka-nozna/francja/national/mecze","francja","national","3",1
"120","https://www.flashscore.pl/pilka-nozna/francja/puchar-francji/wyniki","https://www.flashscore.pl/pilka-nozna/francja/puchar-francji/mecze","francja","puchar-francji","p",1
"121","https://www.flashscore.pl/pilka-nozna/francja/1-dywizja-kobiety/wyniki","https://www.flashscore.pl/pilka-nozna/francja/1-dywizja-kobiety/mecze","francja","1-dywizja-kobiety","k",1
"122","https://www.flashscore.pl/pilka-nozna/francja/puchar-ligi/wyniki","https://www.flashscore.pl/pilka-nozna/francja/puchar-ligi/mecze","francja","puchar","p",1
"123","https://www.flashscore.pl/pilka-nozna/gibraltar/national-league/wyniki","https://www.flashscore.pl/pilka-nozna/gibraltar/national-league/mecze","gibraltar","national-league","1",1
"124","https://www.flashscore.pl/pilka-nozna/grecja/super-league/wyniki","https://www.flashscore.pl/pilka-nozna/grecja/super-league/mecze","grecja","super-league","1",1
"125","https://www.flashscore.pl/pilka-nozna/grecja/super-league-2/wyniki","https://www.flashscore.pl/pilka-nozna/grecja/super-league-2/mecze","grecja","super-league-2","2",1
"126","https://www.flashscore.pl/pilka-nozna/grecja/football-league/wyniki","https://www.flashscore.pl/pilka-nozna/grecja/football-league/mecze","grecja","football-league","3",1
"127","https://www.flashscore.pl/pilka-nozna/grecja/puchar/wyniki","https://www.flashscore.pl/pilka-nozna/grecja/puchar/mecze","grecja","puchar","p",1
"128","https://www.flashscore.pl/pilka-nozna/gruzja/crystalbet-erovnuli-liga/wyniki","https://www.flashscore.pl/pilka-nozna/gruzja/crystalbet-erovnuli-liga/mecze","gruzja","crystalbet-erovnuli-liga","1",1
"129","https://www.flashscore.pl/pilka-nozna/gruzja/puchar/wyniki","https://www.flashscore.pl/pilka-nozna/gruzja/puchar/mecze","gruzja","puchar","p",1
"130","https://www.flashscore.pl/pilka-nozna/gwatemala/liga-nacional/wyniki","https://www.flashscore.pl/pilka-nozna/gwatemala/liga-nacional/mecze","gwatemala","liga-nacional","1",0
"131","https://www.flashscore.pl/pilka-nozna/haiti/championnat-national/wyniki","https://www.flashscore.pl/pilka-nozna/haiti/championnat-national/mecze","haiti","championnat-national","1",1
"132","https://www.flashscore.pl/pilka-nozna/hiszpania/laliga/wyniki","https://www.flashscore.pl/pilka-nozna/hiszpania/laliga/mecze","hiszpania","laliga","1",0
"133","https://www.flashscore.pl/pilka-nozna/hiszpania/laliga2/wyniki","https://www.flashscore.pl/pilka-nozna/hiszpania/laliga2/mecze","hiszpania","laliga2","2",1
"134","https://www.flashscore.pl/pilka-nozna/hiszpania/segunda-division-b-grupa-1/wyniki","https://www.flashscore.pl/pilka-nozna/hiszpania/segunda-division-b-grupa-1/mecze","hiszpania","segunda-division-b-grupa-1","3",1
"135","https://www.flashscore.pl/pilka-nozna/hiszpania/segunda-division-b-grupa-2/wyniki","https://www.flashscore.pl/pilka-nozna/hiszpania/segunda-division-b-grupa-2/mecze","hiszpania","segunda-division-b-grupa-2","3",1
"136","https://www.flashscore.pl/pilka-nozna/hiszpania/segunda-division-b-grupa-3/wyniki","https://www.flashscore.pl/pilka-nozna/hiszpania/segunda-division-b-grupa-3/mecze","hiszpania","segunda-division-b-grupa-3","3",1
"137","https://www.flashscore.pl/pilka-nozna/hiszpania/segunda-division-b-grupa-4/wyniki","https://www.flashscore.pl/pilka-nozna/hiszpania/segunda-division-b-grupa-4/mecze","hiszpania","segunda-division-b-grupa-4","3",1
"138","https://www.flashscore.pl/pilka-nozna/hiszpania/segunda-division-b-grupa-5/wyniki","https://www.flashscore.pl/pilka-nozna/hiszpania/segunda-division-b-grupa-5/mecze","hiszpania","segunda-division-b-grupa-5","3",1
"139","https://www.flashscore.pl/pilka-nozna/hiszpania/tercera-division-group-1/wyniki","https://www.flashscore.pl/pilka-nozna/hiszpania/tercera-division-group-1/mecze","hiszpania","tercera-division-group-1","4",1
"140","https://www.flashscore.pl/pilka-nozna/hiszpania/tercera-division-group-2/wyniki","https://www.flashscore.pl/pilka-nozna/hiszpania/tercera-division-group-2/mecze","hiszpania","tercera-division-group-2","4",1
"141","https://www.flashscore.pl/pilka-nozna/hiszpania/tercera-division-group-3/wyniki","https://www.flashscore.pl/pilka-nozna/hiszpania/tercera-division-group-3/mecze","hiszpania","tercera-division-group-3","4",1
"142","https://www.flashscore.pl/pilka-nozna/hiszpania/tercera-division-group-4/wyniki","https://www.flashscore.pl/pilka-nozna/hiszpania/tercera-division-group-4/mecze","hiszpania","tercera-division-group-4","4",1
"143","https://www.flashscore.pl/pilka-nozna/hiszpania/tercera-division-group-5/wyniki","https://www.flashscore.pl/pilka-nozna/hiszpania/tercera-division-group-5/mecze","hiszpania","tercera-division-group-5","4",1
"144","https://www.flashscore.pl/pilka-nozna/hiszpania/tercera-division-group-6/wyniki","https://www.flashscore.pl/pilka-nozna/hiszpania/tercera-division-group-6/mecze","hiszpania","tercera-division-group-6","4",1
"145","https://www.flashscore.pl/pilka-nozna/hiszpania/tercera-division-group-7/wyniki","https://www.flashscore.pl/pilka-nozna/hiszpania/tercera-division-group-7/mecze","hiszpania","tercera-division-group-7","4",1
"146","https://www.flashscore.pl/pilka-nozna/hiszpania/tercera-division-group-8/wyniki","https://www.flashscore.pl/pilka-nozna/hiszpania/tercera-division-group-8/mecze","hiszpania","tercera-division-group-8","4",1
"147","https://www.flashscore.pl/pilka-nozna/hiszpania/tercera-division-group-9/wyniki","https://www.flashscore.pl/pilka-nozna/hiszpania/tercera-division-group-9/mecze","hiszpania","tercera-division-group-9","4",1
"148","https://www.flashscore.pl/pilka-nozna/hiszpania/tercera-division-group-10/wyniki","https://www.flashscore.pl/pilka-nozna/hiszpania/tercera-division-group-10/mecze","hiszpania","tercera-division-group-10","4",1
"149","https://www.flashscore.pl/pilka-nozna/hiszpania/tercera-division-group-11/wyniki","https://www.flashscore.pl/pilka-nozna/hiszpania/tercera-division-group-11/mecze","hiszpania","tercera-division-group-11","4",1
"150","https://www.flashscore.pl/pilka-nozna/hiszpania/tercera-division-group-12/wyniki","https://www.flashscore.pl/pilka-nozna/hiszpania/tercera-division-group-12/mecze","hiszpania","tercera-division-group-12","4",1
"151","https://www.flashscore.pl/pilka-nozna/hiszpania/tercera-division-group-13/wyniki","https://www.flashscore.pl/pilka-nozna/hiszpania/tercera-division-group-13/mecze","hiszpania","tercera-division-group-13","4",1
"152","https://www.flashscore.pl/pilka-nozna/hiszpania/tercera-division-group-14/wyniki","https://www.flashscore.pl/pilka-nozna/hiszpania/tercera-division-group-14/mecze","hiszpania","tercera-division-group-14","4",1
"153","https://www.flashscore.pl/pilka-nozna/hiszpania/tercera-division-group-15/wyniki","https://www.flashscore.pl/pilka-nozna/hiszpania/tercera-division-group-15/mecze","hiszpania","tercera-division-group-15","4",1
"154","https://www.flashscore.pl/pilka-nozna/hiszpania/tercera-division-group-16/wyniki","https://www.flashscore.pl/pilka-nozna/hiszpania/tercera-division-group-16/mecze","hiszpania","tercera-division-group-16","4",1
"155","https://www.flashscore.pl/pilka-nozna/hiszpania/tercera-division-group-17/wyniki","https://www.flashscore.pl/pilka-nozna/hiszpania/tercera-division-group-17/mecze","hiszpania","tercera-division-group-17","4",1
"156","https://www.flashscore.pl/pilka-nozna/hiszpania/tercera-division-group-18/wyniki","https://www.flashscore.pl/pilka-nozna/hiszpania/tercera-division-group-18/mecze","hiszpania","tercera-division-group-18","4",1
"157","https://www.flashscore.pl/pilka-nozna/hiszpania/primera-division-women/wyniki","https://www.flashscore.pl/pilka-nozna/hiszpania/primera-division-women/mecze","hiszpania","primera-division-women","k",1
"158","https://www.flashscore.pl/pilka-nozna/hiszpania/puchar-krola/wyniki","https://www.flashscore.pl/pilka-nozna/hiszpania/puchar-krola/mecze","hiszpania","puchar","p",1
"159","https://www.flashscore.pl/pilka-nozna/holandia/eredivisie/wyniki","https://www.flashscore.pl/pilka-nozna/holandia/eredivisie/mecze","holandia","eredivisie","1",0
"160","https://www.flashscore.pl/pilka-nozna/holandia/eerste-divisie/wyniki","https://www.flashscore.pl/pilka-nozna/holandia/eerste-divisie/mecze","holandia","eerste-divisie","2",0
"161","https://www.flashscore.pl/pilka-nozna/holandia/reserve-league/wyniki","https://www.flashscore.pl/pilka-nozna/holandia/reserve-league/mecze","holandia","reserve-league","3",1
"162","https://www.flashscore.pl/pilka-nozna/holandia/knvb-beker/wyniki","https://www.flashscore.pl/pilka-nozna/holandia/knvb-beker/mecze","holandia","puchar","p",1
"163","https://www.flashscore.pl/pilka-nozna/hong-kong/premier-league/wyniki","https://www.flashscore.pl/pilka-nozna/hong-kong/premier-league/mecze","hong kong","premier-league","1",1
"164","https://www.flashscore.pl/pilka-nozna/hong-kong/fa-cup/wyniki","https://www.flashscore.pl/pilka-nozna/hong-kong/fa-cup/mecze","hong kong","fa-cup","p",1
"165","https://www.flashscore.pl/pilka-nozna/indie/isl/wyniki","https://www.flashscore.pl/pilka-nozna/indie/isl/mecze","indie","isl","1",1
"166","https://www.flashscore.pl/pilka-nozna/indonezja/liga-1/wyniki","https://www.flashscore.pl/pilka-nozna/indonezja/liga-1/mecze","indonezja","liga-1","1",1
"167","https://www.flashscore.pl/pilka-nozna/indonezja/liga-2/wyniki","https://www.flashscore.pl/pilka-nozna/indonezja/liga-2/mecze","indonezja","liga-2","2",1
"168","https://www.flashscore.pl/pilka-nozna/indonezja/president-cup/wyniki","https://www.flashscore.pl/pilka-nozna/indonezja/president-cup/mecze","indonezja","puchar","p",1
"169","https://www.flashscore.pl/pilka-nozna/iran/persian-gulf-pro-league/wyniki","https://www.flashscore.pl/pilka-nozna/iran/persian-gulf-pro-league/mecze","iran","persian-gulf-pro-league","1",1
"170","https://www.flashscore.pl/pilka-nozna/iran/division-1/wyniki","https://www.flashscore.pl/pilka-nozna/iran/division-1/mecze","iran","division-1","2",1
"171","https://www.flashscore.pl/pilka-nozna/irlandia/premier-division/wyniki","https://www.flashscore.pl/pilka-nozna/irlandia/premier-division/mecze","irlandia","premier-division","1",1
"172","https://www.flashscore.pl/pilka-nozna/irlandia/dywizja-1/wyniki","https://www.flashscore.pl/pilka-nozna/irlandia/dywizja-1/mecze","irlandia","dywizja-1","2",1
"173","https://www.flashscore.pl/pilka-nozna/irlandia/fai-cup/wyniki","https://www.flashscore.pl/pilka-nozna/irlandia/fai-cup/mecze","irlandia","puchar","p",1
"174","https://www.flashscore.pl/pilka-nozna/irlandia-polnocna/nifl-premiership/wyniki","https://www.flashscore.pl/pilka-nozna/irlandia-polnocna/nifl-premiership/mecze","irlandia polnocna","nifl-premiership","1",1
"175","https://www.flashscore.pl/pilka-nozna/irlandia-polnocna/irish-league-cup/wyniki","https://www.flashscore.pl/pilka-nozna/irlandia-polnocna/irish-league-cup/mecze","irlandia polnocna","puchar","p",1
"176","https://www.flashscore.pl/pilka-nozna/islandia/pepsideild/wyniki","https://www.flashscore.pl/pilka-nozna/islandia/pepsideild/mecze","islandia","pepsideild","1",1
"177","https://www.flashscore.pl/pilka-nozna/islandia/inkasso-deildin/wyniki","https://www.flashscore.pl/pilka-nozna/islandia/inkasso-deildin/mecze","islandia","inkasso-deildin","2",1
"178","https://www.flashscore.pl/pilka-nozna/islandia/division-2/wyniki","https://www.flashscore.pl/pilka-nozna/islandia/division-2/mecze","islandia","division-2","3",1
"179","https://www.flashscore.pl/pilka-nozna/islandia/reykjavik-cup/wyniki","https://www.flashscore.pl/pilka-nozna/islandia/reykjavik-cup/mecze","islandia","puchar2","p",1
"180","https://www.flashscore.pl/pilka-nozna/islandia/puchar/wyniki","https://www.flashscore.pl/pilka-nozna/islandia/puchar/mecze","islandia","puchar","p",1
"181","https://www.flashscore.pl/pilka-nozna/izrael/ligat-ha-al/wyniki","https://www.flashscore.pl/pilka-nozna/izrael/ligat-ha-al/mecze","izrael","ligat-ha-al","1",0
"182","https://www.flashscore.pl/pilka-nozna/izrael/2-liga/wyniki","https://www.flashscore.pl/pilka-nozna/izrael/2-liga/mecze","izrael","2-liga","2",0
"183","https://www.flashscore.pl/pilka-nozna/izrael/liga-alef-north/wyniki","https://www.flashscore.pl/pilka-nozna/izrael/liga-alef-north/mecze","izrael","liga-alef-north","3",1
"184","https://www.flashscore.pl/pilka-nozna/izrael/liga-alef-south/wyniki","https://www.flashscore.pl/pilka-nozna/izrael/liga-alef-south/mecze","izrael","liga-alef-south","3",1
"185","https://www.flashscore.pl/pilka-nozna/izrael/state-cup/wyniki","https://www.flashscore.pl/pilka-nozna/izrael/state-cup/mecze","izrael","puchar","p",1
"186","https://www.flashscore.pl/pilka-nozna/jamajka/premier-league/wyniki","https://www.flashscore.pl/pilka-nozna/jamajka/premier-league/mecze","jamajka","premier-league","1",1
"187","https://www.flashscore.pl/pilka-nozna/japonia/j1-league/wyniki","https://www.flashscore.pl/pilka-nozna/japonia/j1-league/mecze","japonia","j1-league","1",1
"188","https://www.flashscore.pl/pilka-nozna/japonia/j2-league/wyniki","https://www.flashscore.pl/pilka-nozna/japonia/j2-league/mecze","japonia","j2-league","2",1
"189","https://www.flashscore.pl/pilka-nozna/japonia/ybc-levain-cup/wyniki","https://www.flashscore.pl/pilka-nozna/japonia/ybc-levain-cup/mecze","japonia","puchar","p",1
"190","https://www.flashscore.pl/pilka-nozna/japonia/emperors-cup/wyniki","https://www.flashscore.pl/pilka-nozna/japonia/emperors-cup/mecze","japonia","puchar","p",1
"191","https://www.flashscore.pl/pilka-nozna/jordania/pierwsza-liga/wyniki","https://www.flashscore.pl/pilka-nozna/jordania/pierwsza-liga/mecze","jordania","pierwsza-liga","1",1
"192","https://www.flashscore.pl/pilka-nozna/kamerun/elite-one/wyniki","https://www.flashscore.pl/pilka-nozna/kamerun/elite-one/mecze","kamerun","elite-one","1",1
"193","https://www.flashscore.pl/pilka-nozna/katar/qsl/wyniki","https://www.flashscore.pl/pilka-nozna/katar/qsl/mecze","katar","qsl","1",1
"194","https://www.flashscore.pl/pilka-nozna/katar/division-2/wyniki","https://www.flashscore.pl/pilka-nozna/katar/division-2/mecze","katar","division-2","2",1
"195","https://www.flashscore.pl/pilka-nozna/katar/qsl-cup/wyniki","https://www.flashscore.pl/pilka-nozna/katar/qsl-cup/mecze","katar","puchar","p",1
"196","https://www.flashscore.pl/pilka-nozna/kazachstan/pierwsza-liga/wyniki","https://www.flashscore.pl/pilka-nozna/kazachstan/pierwsza-liga/mecze","kazachstan","pierwsza-liga","1",1
"197","https://www.flashscore.pl/pilka-nozna/kazachstan/first-division/wyniki","https://www.flashscore.pl/pilka-nozna/kazachstan/first-division/mecze","kazachstan","first-division","2",1
"198","https://www.flashscore.pl/pilka-nozna/kazachstan/puchar/wyniki","https://www.flashscore.pl/pilka-nozna/kazachstan/puchar/mecze","kazachstan","puchar","p",1
"199","https://www.flashscore.pl/pilka-nozna/kenia/premier-league/wyniki","https://www.flashscore.pl/pilka-nozna/kenia/premier-league/mecze","kenia","premier-league","1",1
"200","https://www.flashscore.pl/pilka-nozna/kolumbia/liga-aguila/wyniki","https://www.flashscore.pl/pilka-nozna/kolumbia/liga-aguila/mecze","kolumbia","liga-aguila","1",1
"201","https://www.flashscore.pl/pilka-nozna/kolumbia/torneo-aguila/wyniki","https://www.flashscore.pl/pilka-nozna/kolumbia/torneo-aguila/mecze","kolumbia","torneo-aguila","2",1
"202","https://www.flashscore.pl/pilka-nozna/korea-poludniowa/k-league-1/wyniki","https://www.flashscore.pl/pilka-nozna/korea-poludniowa/k-league-1/mecze","korea-poludniowa","k-league-1","1",1
"203","https://www.flashscore.pl/pilka-nozna/korea-poludniowa/k-league-2/wyniki","https://www.flashscore.pl/pilka-nozna/korea-poludniowa/k-league-2/mecze","korea-poludniowa","k-league-2","2",1
"204","https://www.flashscore.pl/pilka-nozna/kosowo/superliga/wyniki","https://www.flashscore.pl/pilka-nozna/kosowo/superliga/mecze","kosowo","superliga","1",1
"205","https://www.flashscore.pl/pilka-nozna/kostaryka/primera-division/wyniki","https://www.flashscore.pl/pilka-nozna/kostaryka/primera-division/mecze","kostaryka","primera-division","1",0
"206","https://www.flashscore.pl/pilka-nozna/kuwejt/pierwsza-liga/wyniki","https://www.flashscore.pl/pilka-nozna/kuwejt/pierwsza-liga/mecze","kuwejt","pierwsza-liga","1",1
"207","https://www.flashscore.pl/pilka-nozna/litwa/a-lyga/wyniki","https://www.flashscore.pl/pilka-nozna/litwa/a-lyga/mecze","litwa","a-lyga","1",1
"208","https://www.flashscore.pl/pilka-nozna/litwa/i-lyga/wyniki","https://www.flashscore.pl/pilka-nozna/litwa/i-lyga/mecze","litwa","i-lyga","2",1
"209","https://www.flashscore.pl/pilka-nozna/litwa/puchar/wyniki","https://www.flashscore.pl/pilka-nozna/litwa/puchar/mecze","litwa","puchar","p",1
"210","https://www.flashscore.pl/pilka-nozna/luksemburg/dywizja-narodowa/wyniki","https://www.flashscore.pl/pilka-nozna/luksemburg/dywizja-narodowa/mecze","luksemburg","dywizja-narodowa","1",1
"211","https://www.flashscore.pl/pilka-nozna/lotwa/optibet-virsliga/wyniki","https://www.flashscore.pl/pilka-nozna/lotwa/optibet-virsliga/mecze","lotwa","optibet-virsliga","1",1
"212","https://www.flashscore.pl/pilka-nozna/lotwa/1-liga/wyniki","https://www.flashscore.pl/pilka-nozna/lotwa/1-liga/mecze","lotwa","1-liga","2",1
"213","https://www.flashscore.pl/pilka-nozna/lotwa/puchar/wyniki","https://www.flashscore.pl/pilka-nozna/lotwa/puchar/mecze","lotwa","puchar","p",1
"214","https://www.flashscore.pl/pilka-nozna/macedonia-polnocna/1-mfl/wyniki","https://www.flashscore.pl/pilka-nozna/macedonia-polnocna/1-mfl/mecze","macedonia polnocna","1-mfl","1",1
"215","https://www.flashscore.pl/pilka-nozna/macedonia-polnocna/2-mfl/wyniki","https://www.flashscore.pl/pilka-nozna/macedonia-polnocna/2-mfl/mecze","macedonia polnocna","2-mfl","2",1
"216","https://www.flashscore.pl/pilka-nozna/malezja/super-liga/wyniki","https://www.flashscore.pl/pilka-nozna/malezja/super-liga/mecze","malezja","super-liga","1",1
"217","https://www.flashscore.pl/pilka-nozna/malezja/pierwsza-liga/wyniki","https://www.flashscore.pl/pilka-nozna/malezja/pierwsza-liga/mecze","malezja","pierwsza-liga","2",1
"218","https://www.flashscore.pl/pilka-nozna/malta/premier-liga/wyniki","https://www.flashscore.pl/pilka-nozna/malta/premier-liga/mecze","malta","premier-liga","1",1
"219","https://www.flashscore.pl/pilka-nozna/malta/division-1/wyniki","https://www.flashscore.pl/pilka-nozna/malta/division-1/mecze","malta","division-1","2",1
"220","https://www.flashscore.pl/pilka-nozna/maroko/botola-pro/wyniki","https://www.flashscore.pl/pilka-nozna/maroko/botola-pro/mecze","maroko","botola-pro","1",1
"221","https://www.flashscore.pl/pilka-nozna/maroko/botola-2/wyniki","https://www.flashscore.pl/pilka-nozna/maroko/botola-2/mecze","maroko","botola-2","2",1
"222","https://www.flashscore.pl/pilka-nozna/maroko/coupe-du-trone/wyniki","https://www.flashscore.pl/pilka-nozna/maroko/coupe-du-trone/mecze","maroko","puchar","p",1
"223","https://www.flashscore.pl/pilka-nozna/meksyk/liga-mx/wyniki","https://www.flashscore.pl/pilka-nozna/meksyk/liga-mx/mecze","meksyk","liga-mx","1",0
"224","https://www.flashscore.pl/pilka-nozna/meksyk/ascenso-mx/wyniki","https://www.flashscore.pl/pilka-nozna/meksyk/ascenso-mx/mecze","meksyk","ascenso-mx","2",1
"225","https://www.flashscore.pl/pilka-nozna/meksyk/liga-mx-women/wyniki","https://www.flashscore.pl/pilka-nozna/meksyk/liga-mx-women/mecze","meksyk","liga-mx-women","k",1
"226","https://www.flashscore.pl/pilka-nozna/meksyk/copa-mexico/wyniki","https://www.flashscore.pl/pilka-nozna/meksyk/copa-mexico/mecze","meksyk","puchar","p",1
"227","https://www.flashscore.pl/pilka-nozna/myanmar/national-league/wyniki","https://www.flashscore.pl/pilka-nozna/myanmar/national-league/mecze","myanmar","national-league","1",0
"228","https://www.flashscore.pl/pilka-nozna/moldawia/liga-narodowa/wyniki","https://www.flashscore.pl/pilka-nozna/moldawia/liga-narodowa/mecze","moldawia","liga-narodowa","1",0
"229","https://www.flashscore.pl/pilka-nozna/niemcy/bundesliga/wyniki","https://www.flashscore.pl/pilka-nozna/niemcy/bundesliga/mecze","niemcy","bundesliga","1",1
"230","https://www.flashscore.pl/pilka-nozna/niemcy/2-bundesliga/wyniki","https://www.flashscore.pl/pilka-nozna/niemcy/2-bundesliga/mecze","niemcy","2-bundesliga","2",1
"231","https://www.flashscore.pl/pilka-nozna/niemcy/3-liga/wyniki","https://www.flashscore.pl/pilka-nozna/niemcy/3-liga/mecze","niemcy","3-liga","3",1
"232","https://www.flashscore.pl/pilka-nozna/niemcy/liga-regionalna-polnoc/wyniki","https://www.flashscore.pl/pilka-nozna/niemcy/liga-regionalna-polnoc/mecze","niemcy","liga-regionalna-polnoc","4",1
"233","https://www.flashscore.pl/pilka-nozna/niemcy/regionalliga-nordost/wyniki","https://www.flashscore.pl/pilka-nozna/niemcy/regionalliga-nordost/mecze","niemcy","regionalliga-nordost","4",1
"234","https://www.flashscore.pl/pilka-nozna/niemcy/liga-regionalna-zachod/wyniki","https://www.flashscore.pl/pilka-nozna/niemcy/liga-regionalna-zachod/mecze","niemcy","liga-regionalna-zachod","4",1
"235","https://www.flashscore.pl/pilka-nozna/niemcy/regionalliga-sudwest/wyniki","https://www.flashscore.pl/pilka-nozna/niemcy/regionalliga-sudwest/mecze","niemcy","regionalliga-sudwest","4",1
"236","https://www.flashscore.pl/pilka-nozna/niemcy/regionalliga-bayern/wyniki","https://www.flashscore.pl/pilka-nozna/niemcy/regionalliga-bayern/mecze","niemcy","regionalliga-bayern","4",0
"237","https://www.flashscore.pl/pilka-nozna/niemcy/bundesliga-kobiety/wyniki","https://www.flashscore.pl/pilka-nozna/niemcy/bundesliga-kobiety/mecze","niemcy","bundesliga-kobiety","k",1
"238","https://www.flashscore.pl/pilka-nozna/niemcy/dfb-pokal/wyniki","https://www.flashscore.pl/pilka-nozna/niemcy/dfb-pokal/mecze","niemcy","puchar","p",0
"239","https://www.flashscore.pl/pilka-nozna/nigeria/npfl/wyniki","https://www.flashscore.pl/pilka-nozna/nigeria/npfl/mecze","nigeria","npfl","1",1
"240","https://www.flashscore.pl/pilka-nozna/nikaragua/liga-primera/wyniki","https://www.flashscore.pl/pilka-nozna/nikaragua/liga-primera/mecze","nikaragua","liga-primera","1",1
"241","https://www.flashscore.pl/pilka-nozna/norwegia/eliteserien/wyniki","https://www.flashscore.pl/pilka-nozna/norwegia/eliteserien/mecze","norwegia","eliteserien","1",1
"242","https://www.flashscore.pl/pilka-nozna/norwegia/obos-ligaen/wyniki","https://www.flashscore.pl/pilka-nozna/norwegia/obos-ligaen/mecze","norwegia","obos-ligaen","2",1
"243","https://www.flashscore.pl/pilka-nozna/norwegia/dywizja-2-grupa-1/wyniki","https://www.flashscore.pl/pilka-nozna/norwegia/dywizja-2-grupa-1/mecze","norwegia","dywizja-2-grupa-1","3",1
"244","https://www.flashscore.pl/pilka-nozna/norwegia/dywizja-2-grupa-2/wyniki","https://www.flashscore.pl/pilka-nozna/norwegia/dywizja-2-grupa-2/mecze","norwegia","dywizja-2-grupa-2","3",1
"245","https://www.flashscore.pl/pilka-nozna/norwegia/toppserien-kobiety/wyniki","https://www.flashscore.pl/pilka-nozna/norwegia/toppserien-kobiety/mecze","norwegia","toppserien-kobiety","k",1
"246","https://www.flashscore.pl/pilka-nozna/norwegia/nm-puchar/wyniki","https://www.flashscore.pl/pilka-nozna/norwegia/nm-puchar/mecze","norwegia","puchar","p",1
"247","https://www.flashscore.pl/pilka-nozna/nowa-zelandia/football-championships/wyniki","https://www.flashscore.pl/pilka-nozna/nowa-zelandia/football-championships/mecze","nowa zelandia","football-championships","1",1
"248","https://www.flashscore.pl/pilka-nozna/nowa-zelandia/national-league-women/wyniki","https://www.flashscore.pl/pilka-nozna/nowa-zelandia/national-league-women/mecze","nowa zelandia","national-league-women","2",1
"249","https://www.flashscore.pl/pilka-nozna/oman/professional-league/wyniki","https://www.flashscore.pl/pilka-nozna/oman/professional-league/mecze","oman","professional-league","1",1
"250","https://www.flashscore.pl/pilka-nozna/panama/lpf/wyniki","https://www.flashscore.pl/pilka-nozna/panama/lpf/mecze","panama","lpf","1",1
"251","https://www.flashscore.pl/pilka-nozna/paragwaj/primera-division/wyniki","https://www.flashscore.pl/pilka-nozna/paragwaj/primera-division/mecze","paragwaj","primera-division","1",1
"252","https://www.flashscore.pl/pilka-nozna/paragwaj/division-intermedia/wyniki","https://www.flashscore.pl/pilka-nozna/paragwaj/division-intermedia/mecze","paragwaj","division-intermedia","2",1
"253","https://www.flashscore.pl/pilka-nozna/peru/liga-1/wyniki","https://www.flashscore.pl/pilka-nozna/peru/liga-1/mecze","peru","liga-1","1",1
"254","https://www.flashscore.pl/pilka-nozna/peru/liga-2/wyniki","https://www.flashscore.pl/pilka-nozna/peru/liga-2/mecze","peru","liga-2","2",1
"255","https://www.flashscore.pl/pilka-nozna/polska/pko-bp-ekstraklasa/wyniki","https://www.flashscore.pl/pilka-nozna/polska/pko-bp-ekstraklasa/mecze","polska","pko-bp-ekstraklasa","1",0
"256","https://www.flashscore.pl/pilka-nozna/polska/fortuna-1-liga/wyniki","https://www.flashscore.pl/pilka-nozna/polska/fortuna-1-liga/mecze","polska","fortuna-1-liga","2",0
"257","https://www.flashscore.pl/pilka-nozna/polska/ii-liga/wyniki","https://www.flashscore.pl/pilka-nozna/polska/ii-liga/mecze","polska","ii-liga","3",0
"258","https://www.flashscore.pl/pilka-nozna/polska/iii-liga-grupa-i/wyniki","https://www.flashscore.pl/pilka-nozna/polska/iii-liga-grupa-i/mecze","polska","iii-liga-grupa-i","4",1
"259","https://www.flashscore.pl/pilka-nozna/polska/iii-liga-grupa-ii/wyniki","https://www.flashscore.pl/pilka-nozna/polska/iii-liga-grupa-ii/mecze","polska","iii-liga-grupa-ii","4",1
"260","https://www.flashscore.pl/pilka-nozna/polska/iii-liga-grupa-iii/wyniki","https://www.flashscore.pl/pilka-nozna/polska/iii-liga-grupa-iii/mecze","polska","iii-liga-grupa-iii","4",1
"261","https://www.flashscore.pl/pilka-nozna/polska/iii-liga-grupa-iv/wyniki","https://www.flashscore.pl/pilka-nozna/polska/iii-liga-grupa-iv/mecze","polska","iii-liga-grupa-iv","4",1
"262","https://www.flashscore.pl/pilka-nozna/polska/centralna-liga-juniorow/wyniki","https://www.flashscore.pl/pilka-nozna/polska/centralna-liga-juniorow/mecze","polska","centralna-liga-juniorow","5",1
"263","https://www.flashscore.pl/pilka-nozna/polska/ekstraliga-kobiet/wyniki","https://www.flashscore.pl/pilka-nozna/polska/ekstraliga-kobiet/mecze","polska","ekstraliga-kobiet","k",1
"264","https://www.flashscore.pl/pilka-nozna/polska/fortuna-puchar-polski/wyniki","https://www.flashscore.pl/pilka-nozna/polska/fortuna-puchar-polski/mecze","polska","puchar","p",0
"265","https://www.flashscore.pl/pilka-nozna/portugalia/primeira-liga/wyniki","https://www.flashscore.pl/pilka-nozna/portugalia/primeira-liga/mecze","portugalia","primeira-liga","1",1
"266","https://www.flashscore.pl/pilka-nozna/portugalia/ligapro/wyniki","https://www.flashscore.pl/pilka-nozna/portugalia/ligapro/mecze","portugalia","ligapro","2",1
"267","https://www.flashscore.pl/pilka-nozna/portugalia/taca-de-portugal/wyniki","https://www.flashscore.pl/pilka-nozna/portugalia/taca-de-portugal/mecze","portugalia","puchar","p",1
"268","https://www.flashscore.pl/pilka-nozna/rosja/premier-liga/wyniki","https://www.flashscore.pl/pilka-nozna/rosja/premier-liga/mecze","rosja","premier-liga","1",0
"269","https://www.flashscore.pl/pilka-nozna/rosja/fnl/wyniki","https://www.flashscore.pl/pilka-nozna/rosja/fnl/mecze","rosja","fnl","2",1
"270","https://www.flashscore.pl/pilka-nozna/rosja/pfl-center/wyniki","https://www.flashscore.pl/pilka-nozna/rosja/pfl-center/mecze","rosja","pfl-center","3",1
"271","https://www.flashscore.pl/pilka-nozna/rosja/pfl-east/wyniki","https://www.flashscore.pl/pilka-nozna/rosja/pfl-east/mecze","rosja","pfl-east","3",1
"272","https://www.flashscore.pl/pilka-nozna/rosja/pfl-south/wyniki","https://www.flashscore.pl/pilka-nozna/rosja/pfl-south/mecze","rosja","pfl-south","3",1
"273","https://www.flashscore.pl/pilka-nozna/rosja/pfl-ural-povolzhye/wyniki","https://www.flashscore.pl/pilka-nozna/rosja/pfl-ural-povolzhye/mecze","rosja","pfl-ural-povolzhye","3",1
"274","https://www.flashscore.pl/pilka-nozna/rosja/pfl-west/wyniki","https://www.flashscore.pl/pilka-nozna/rosja/pfl-west/mecze","rosja","pfl-west","3",1
"275","https://www.flashscore.pl/pilka-nozna/rosja/liga-juniorow/wyniki","https://www.flashscore.pl/pilka-nozna/rosja/liga-juniorow/mecze","rosja","liga-juniorow","4",1
"276","https://www.flashscore.pl/pilka-nozna/rosja/puchar/wyniki","https://www.flashscore.pl/pilka-nozna/rosja/puchar/mecze","rosja","puchar","p",0
"277","https://www.flashscore.pl/pilka-nozna/rpa/pierwsza-liga/wyniki","https://www.flashscore.pl/pilka-nozna/rpa/pierwsza-liga/mecze","rpa","pierwsza-liga","1",1
"278","https://www.flashscore.pl/pilka-nozna/rpa/gladafrica-championship/wyniki","https://www.flashscore.pl/pilka-nozna/rpa/gladafrica-championship/mecze","rpa","gladafrica-championship","2",1
"279","https://www.flashscore.pl/pilka-nozna/rpa/puchar/wyniki","https://www.flashscore.pl/pilka-nozna/rpa/puchar/mecze","rpa","puchar","p",1
"280","https://www.flashscore.pl/pilka-nozna/san-marino/campionato-sammarinese/wyniki","https://www.flashscore.pl/pilka-nozna/san-marino/campionato-sammarinese/mecze","san marino","campionato-sammarinese","1",1
"281","https://www.flashscore.pl/pilka-nozna/senegal/ligue-1/wyniki","https://www.flashscore.pl/pilka-nozna/senegal/ligue-1/mecze","senegal","ligue-1","1",1
"282","https://www.flashscore.pl/pilka-nozna/serbia/super-liga/wyniki","https://www.flashscore.pl/pilka-nozna/serbia/super-liga/mecze","serbia","super-liga","1",0
"283","https://www.flashscore.pl/pilka-nozna/serbia/prva-liga/wyniki","https://www.flashscore.pl/pilka-nozna/serbia/prva-liga/mecze","serbia","prva-liga","2",0
"284","https://www.flashscore.pl/pilka-nozna/serbia/puchar/wyniki","https://www.flashscore.pl/pilka-nozna/serbia/puchar/mecze","serbia","puchar","p",1
"285","https://www.flashscore.pl/pilka-nozna/singapur/premier-league/wyniki","https://www.flashscore.pl/pilka-nozna/singapur/premier-league/mecze","singapur","premier-league","1",1
"286","https://www.flashscore.pl/pilka-nozna/slowacja/fortuna-liga/wyniki","https://www.flashscore.pl/pilka-nozna/slowacja/fortuna-liga/mecze","slowacja","fortuna-liga","1",0
"287","https://www.flashscore.pl/pilka-nozna/slowacja/2-liga/wyniki","https://www.flashscore.pl/pilka-nozna/slowacja/2-liga/mecze","slowacja","2-liga","2",1
"288","https://www.flashscore.pl/pilka-nozna/slowacja/puchar/wyniki","https://www.flashscore.pl/pilka-nozna/slowacja/puchar/mecze","slowacja","puchar","p",1
"289","https://www.flashscore.pl/pilka-nozna/slowenia/prva-liga/wyniki","https://www.flashscore.pl/pilka-nozna/slowenia/prva-liga/mecze","slowenia","prva-liga","1",1
"290","https://www.flashscore.pl/pilka-nozna/slowenia/2-snl/wyniki","https://www.flashscore.pl/pilka-nozna/slowenia/2-snl/mecze","slowenia","2-snl","2",1
"291","https://www.flashscore.pl/pilka-nozna/slowenia/puchar/wyniki","https://www.flashscore.pl/pilka-nozna/slowenia/puchar/mecze","slowenia","puchar","p",1
"292","https://www.flashscore.pl/pilka-nozna/szkocja/premiership/wyniki","https://www.flashscore.pl/pilka-nozna/szkocja/premiership/mecze","szkocja","premiership","1",1
"293","https://www.flashscore.pl/pilka-nozna/szkocja/dywizja-1/wyniki","https://www.flashscore.pl/pilka-nozna/szkocja/dywizja-1/mecze","szkocja","dywizja-1","2",1
"294","https://www.flashscore.pl/pilka-nozna/szkocja/league-one/wyniki","https://www.flashscore.pl/pilka-nozna/szkocja/league-one/mecze","szkocja","league-one","3",1
"295","https://www.flashscore.pl/pilka-nozna/szkocja/league-two/wyniki","https://www.flashscore.pl/pilka-nozna/szkocja/league-two/mecze","szkocja","league-two","3",1
"296","https://www.flashscore.pl/pilka-nozna/szkocja/scottish-cup/wyniki","https://www.flashscore.pl/pilka-nozna/szkocja/scottish-cup/mecze","szkocja","puchar","p",1
"297","https://www.flashscore.pl/pilka-nozna/szwajcaria/super-league/wyniki","https://www.flashscore.pl/pilka-nozna/szwajcaria/super-league/mecze","szwajcaria","super-league","1",0
"298","https://www.flashscore.pl/pilka-nozna/szwajcaria/challenge-league/wyniki","https://www.flashscore.pl/pilka-nozna/szwajcaria/challenge-league/mecze","szwajcaria","challenge-league","2",0
"299","https://www.flashscore.pl/pilka-nozna/szwajcaria/puchar/wyniki","https://www.flashscore.pl/pilka-nozna/szwajcaria/puchar/mecze","szwajcaria","puchar","p",1
"300","https://www.flashscore.pl/pilka-nozna/szwecja/allsvenskan/wyniki","https://www.flashscore.pl/pilka-nozna/szwecja/allsvenskan/mecze","szwecja","allsvenskan","1",1
"301","https://www.flashscore.pl/pilka-nozna/szwecja/superettan/wyniki","https://www.flashscore.pl/pilka-nozna/szwecja/superettan/mecze","szwecja","superettan","2",1
"302","https://www.flashscore.pl/pilka-nozna/szwecja/dywizja-1-norra/wyniki","https://www.flashscore.pl/pilka-nozna/szwecja/dywizja-1-norra/mecze","szwecja","dywizja-1-norra","3",1
"303","https://www.flashscore.pl/pilka-nozna/szwecja/dywizja-1-sodra/wyniki","https://www.flashscore.pl/pilka-nozna/szwecja/dywizja-1-sodra/mecze","szwecja","dywizja-1-sodra","3",1
"304","https://www.flashscore.pl/pilka-nozna/szwecja/allsvenskan-kobiety/wyniki","https://www.flashscore.pl/pilka-nozna/szwecja/allsvenskan-kobiety/mecze","szwecja","allsvenskan-kobiety","k",1
"305","https://www.flashscore.pl/pilka-nozna/szwecja/svenska-cupen/wyniki","https://www.flashscore.pl/pilka-nozna/szwecja/svenska-cupen/mecze","szwecja","puchar","p",1
"306","https://www.flashscore.pl/pilka-nozna/tadzykistan/vysshaya-liga/wyniki","https://www.flashscore.pl/pilka-nozna/tadzykistan/vysshaya-liga/mecze","tadzykistan","vysshaya-liga","1",1
"307","https://www.flashscore.pl/pilka-nozna/tajlandia/thai-league-1/wyniki","https://www.flashscore.pl/pilka-nozna/tajlandia/thai-league-1/mecze","tajlandia","thai-league-1","1",1
"308","https://www.flashscore.pl/pilka-nozna/tajwan/premier-league/wyniki","https://www.flashscore.pl/pilka-nozna/tajwan/premier-league/mecze","tajwan","premier-league","1",1
"309","https://www.flashscore.pl/pilka-nozna/tunezja/ligue-professionnelle-1/wyniki","https://www.flashscore.pl/pilka-nozna/tunezja/ligue-professionnelle-1/mecze","tunezja","ligue-professionnelle-1","1",1
"310","https://www.flashscore.pl/pilka-nozna/tunezja/ligue-2/wyniki","https://www.flashscore.pl/pilka-nozna/tunezja/ligue-2/mecze","tunezja","ligue-2","2",1
"311","https://www.flashscore.pl/pilka-nozna/tunezja/puchar/wyniki","https://www.flashscore.pl/pilka-nozna/tunezja/puchar/mecze","tunezja","puchar","p",1
"312","https://www.flashscore.pl/pilka-nozna/turcja/super-lig/wyniki","https://www.flashscore.pl/pilka-nozna/turcja/super-lig/mecze","turcja","super-lig","1",1
"313","https://www.flashscore.pl/pilka-nozna/turcja/1-lig/wyniki","https://www.flashscore.pl/pilka-nozna/turcja/1-lig/mecze","turcja","1-lig","2",1
"314","https://www.flashscore.pl/pilka-nozna/turcja/2-lig-white-group/wyniki","https://www.flashscore.pl/pilka-nozna/turcja/2-lig-white-group/mecze","turcja","2-lig-white-group","3",1
"315","https://www.flashscore.pl/pilka-nozna/turcja/2-lig-red-group/wyniki","https://www.flashscore.pl/pilka-nozna/turcja/2-lig-red-group/mecze","turcja","2-lig-red-group","3",1
"316","https://www.flashscore.pl/pilka-nozna/turcja/puchar/wyniki","https://www.flashscore.pl/pilka-nozna/turcja/puchar/mecze","turcja","puchar","p",1
"317","https://www.flashscore.pl/pilka-nozna/turkmenistan/yokary-liga/wyniki","https://www.flashscore.pl/pilka-nozna/turkmenistan/yokary-liga/mecze","turkmenistan","yokary-liga","1",1
"318","https://www.flashscore.pl/pilka-nozna/ukraina/premier-league/wyniki","https://www.flashscore.pl/pilka-nozna/ukraina/premier-league/mecze","ukraina","premier-league","1",1
"319","https://www.flashscore.pl/pilka-nozna/ukraina/persha-liga/wyniki","https://www.flashscore.pl/pilka-nozna/ukraina/persha-liga/mecze","ukraina","persha-liga","2",1
"320","https://www.flashscore.pl/pilka-nozna/ukraina/puchar-ukrainy/wyniki","https://www.flashscore.pl/pilka-nozna/ukraina/puchar-ukrainy/mecze","ukraina","puchar","p",1
"321","https://www.flashscore.pl/pilka-nozna/urugwaj/pierwsza-liga/wyniki","https://www.flashscore.pl/pilka-nozna/urugwaj/pierwsza-liga/mecze","urugwaj","pierwsza-liga","1",1
"322","https://www.flashscore.pl/pilka-nozna/urugwaj/segunda-division/wyniki","https://www.flashscore.pl/pilka-nozna/urugwaj/segunda-division/mecze","urugwaj","segunda-division","2",1
"323","https://www.flashscore.pl/pilka-nozna/usa/mls/wyniki","https://www.flashscore.pl/pilka-nozna/usa/mls/mecze","usa","mls","1",1
"324","https://www.flashscore.pl/pilka-nozna/usa/usl-championship/wyniki","https://www.flashscore.pl/pilka-nozna/usa/usl-championship/mecze","usa","usl-championship","2",1
"325","https://www.flashscore.pl/pilka-nozna/usa/us-open-puchar/wyniki","https://www.flashscore.pl/pilka-nozna/usa/us-open-puchar/mecze","usa","puchar","p",1
"326","https://www.flashscore.pl/pilka-nozna/uzbekistan/super-league/wyniki","https://www.flashscore.pl/pilka-nozna/uzbekistan/super-league/mecze","uzbekistan","super-league","1",1
"327","https://www.flashscore.pl/pilka-nozna/walia/premier-league/wyniki","https://www.flashscore.pl/pilka-nozna/walia/premier-league/mecze","walia","premier-league","1",0
"328","https://www.flashscore.pl/pilka-nozna/walia/faw-championship-north-mid/wyniki","https://www.flashscore.pl/pilka-nozna/walia/faw-championship-north-mid/mecze","walia","faw-championship-north-mid","2",0
"329","https://www.flashscore.pl/pilka-nozna/walia/faw-championship-south-mid/wyniki","https://www.flashscore.pl/pilka-nozna/walia/faw-championship-south-mid/mecze","walia","faw-championship-south-mid","2",0
"330","https://www.flashscore.pl/pilka-nozna/walia/puchar-ligi/wyniki","https://www.flashscore.pl/pilka-nozna/walia/puchar-ligi/mecze","walia","puchar","p",0
"331","https://www.flashscore.pl/pilka-nozna/wenezuela/primera-division/wyniki","https://www.flashscore.pl/pilka-nozna/wenezuela/primera-division/mecze","wenezuela","primera-division","1",1
"332","https://www.flashscore.pl/pilka-nozna/wegry/otp-bank-liga/wyniki","https://www.flashscore.pl/pilka-nozna/wegry/otp-bank-liga/mecze","wegry","otp-bank-liga","1",0
"333","https://www.flashscore.pl/pilka-nozna/wegry/merkantil-bank-liga/wyniki","https://www.flashscore.pl/pilka-nozna/wegry/merkantil-bank-liga/mecze","wegry","merkantil-bank-liga","2",1
"334","https://www.flashscore.pl/pilka-nozna/wegry/puchar/wyniki","https://www.flashscore.pl/pilka-nozna/wegry/puchar/mecze","wegry","puchar","p",1
"335","https://www.flashscore.pl/pilka-nozna/wietnam/v-league-1/wyniki","https://www.flashscore.pl/pilka-nozna/wietnam/v-league-1/mecze","wietnam","v-league-1","1",1
"336","https://www.flashscore.pl/pilka-nozna/wietnam/v-league-2/wyniki","https://www.flashscore.pl/pilka-nozna/wietnam/v-league-2/mecze","wietnam","v-league-2","2",1
"337","https://www.flashscore.pl/pilka-nozna/wlochy/serie-a/wyniki","https://www.flashscore.pl/pilka-nozna/wlochy/serie-a/mecze","wlochy","serie-a","1",1
"338","https://www.flashscore.pl/pilka-nozna/wlochy/serie-b/wyniki","https://www.flashscore.pl/pilka-nozna/wlochy/serie-b/mecze","wlochy","serie-b","2",1
"339","https://www.flashscore.pl/pilka-nozna/wlochy/serie-c-group-a/wyniki","https://www.flashscore.pl/pilka-nozna/wlochy/serie-c-group-a/mecze","wlochy","serie-c-group-a","3",1
"340","https://www.flashscore.pl/pilka-nozna/wlochy/serie-c-group-b/wyniki","https://www.flashscore.pl/pilka-nozna/wlochy/serie-c-group-b/mecze","wlochy","serie-c-group-b","3",1
"341","https://www.flashscore.pl/pilka-nozna/wlochy/serie-c-group-c/wyniki","https://www.flashscore.pl/pilka-nozna/wlochy/serie-c-group-c/mecze","wlochy","serie-c-group-c","3",1
"342","https://www.flashscore.pl/pilka-nozna/wlochy/serie-c-promotion-play-offs/wyniki","https://www.flashscore.pl/pilka-nozna/wlochy/serie-c-promotion-play-offs/mecze","wlochy","Serie C - Promotion - Play Offs","3",1
"343","https://www.flashscore.pl/pilka-nozna/wlochy/serie-d-group-a/wyniki","https://www.flashscore.pl/pilka-nozna/wlochy/serie-d-group-a/mecze","wlochy","serie-d-group-a","4",1
"344","https://www.flashscore.pl/pilka-nozna/wlochy/serie-d-group-b/wyniki","https://www.flashscore.pl/pilka-nozna/wlochy/serie-d-group-b/mecze","wlochy","serie-d-group-b","4",1
"345","https://www.flashscore.pl/pilka-nozna/wlochy/serie-d-group-c/wyniki","https://www.flashscore.pl/pilka-nozna/wlochy/serie-d-group-c/mecze","wlochy","serie-d-group-c","4",1
"346","https://www.flashscore.pl/pilka-nozna/wlochy/serie-d-group-d/wyniki","https://www.flashscore.pl/pilka-nozna/wlochy/serie-d-group-d/mecze","wlochy","serie-d-group-d","4",1
"347","https://www.flashscore.pl/pilka-nozna/wlochy/serie-d-group-e/wyniki","https://www.flashscore.pl/pilka-nozna/wlochy/serie-d-group-e/mecze","wlochy","serie-d-group-e","4",1
"348","https://www.flashscore.pl/pilka-nozna/wlochy/serie-d-group-f/wyniki","https://www.flashscore.pl/pilka-nozna/wlochy/serie-d-group-f/mecze","wlochy","serie-d-group-f","4",1
"349","https://www.flashscore.pl/pilka-nozna/wlochy/serie-d-group-g/wyniki","https://www.flashscore.pl/pilka-nozna/wlochy/serie-d-group-g/mecze","wlochy","serie-d-group-g","4",1
"350","https://www.flashscore.pl/pilka-nozna/wlochy/serie-d-group-h/wyniki","https://www.flashscore.pl/pilka-nozna/wlochy/serie-d-group-h/mecze","wlochy","serie-d-group-h","4",1
"351","https://www.flashscore.pl/pilka-nozna/wlochy/serie-d-group-i/wyniki","https://www.flashscore.pl/pilka-nozna/wlochy/serie-d-group-i/mecze","wlochy","serie-d-group-i","4",1
"352","https://www.flashscore.pl/pilka-nozna/wlochy/puchar-wloch/wyniki","https://www.flashscore.pl/pilka-nozna/wlochy/puchar-wloch/mecze","wlochy","puchar","p",1
"353","https://www.flashscore.pl/pilka-nozna/wlochy/coppa-italia-serie-c/wyniki","https://www.flashscore.pl/pilka-nozna/wlochy/coppa-italia-serie-c/mecze","wlochy","coppa-italia-serie-c","p",1
"354","https://www.flashscore.pl/pilka-nozna/wybrze-e-ko-ci-sloniowej/ligue-1/wyniki","https://www.flashscore.pl/pilka-nozna/wybrze-e-ko-ci-sloniowej/ligue-1/mecze","wybrzezekoscisloniowej","ligue-1","1",1
"355","https://www.flashscore.pl/pilka-nozna/wyspy-owcze/premier-league/wyniki","https://www.flashscore.pl/pilka-nozna/wyspy-owcze/premier-league/mecze","wyspy owcze","premier-league","1",1
"356","https://www.flashscore.pl/pilka-nozna/zea/uae-league/wyniki","https://www.flashscore.pl/pilka-nozna/zea/uae-league/mecze","zea","uae-league","1",1
"357","https://www.flashscore.pl/pilka-nozna/zea/arabian-gulf-cup/wyniki","https://www.flashscore.pl/pilka-nozna/zea/arabian-gulf-cup/mecze","zea","puchar","p",1
